{
  "cafemedia_percentiles": {
    "p25": 0.1671825,
    "p50": 0.20463,
    "p75": 0.254935
  },
  "mediavine_percentiles": {
    "p25": 0.125015,
    "p50": 0.14923,
    "p75": 0.1755
  }
}