{
  "sellers_aditude_percentiles": {
    "a2cr": {
      "n": 10,
      "p25": 0.1329825,
      "p50": 0.19726,
      "p75": 0.207315
    },
    "total_supply_paths": {
      "n": 16,
      "p25": 304.75,
      "p50": 497.5,
      "p75": 630.0
    },
    "avg_page_weight": {
      "n": 16,
      "p25": 2.113725,
      "p50": 10.4135,
      "p75": 17.4235
    }
  },
  "sellers_cafemedia_percentiles": {
    "a2cr": {
      "n": 17,
      "p25": 0.13487,
      "p50": 0.17312,
      "p75": 0.22542
    },
    "total_supply_paths": {
      "n": 17,
      "p25": 84.0,
      "p50": 84.0,
      "p75": 86.0
    },
    "avg_page_weight": {
      "n": 17,
      "p25": 10.1831,
      "p50": 13.0839,
      "p75": 19.7584
    }
  },
  "sellers_freestar_percentiles": {
    "a2cr": {
      "n": 13,
      "p25": 0.04889,
      "p50": 0.11287,
      "p75": 0.16914
    },
    "total_supply_paths": {
      "n": 17,
      "p25": 190.0,
      "p50": 213.0,
      "p75": 576.0
    },
    "avg_page_weight": {
      "n": 17,
      "p25": 6.6539,
      "p50": 10.8132,
      "p75": 31.0699
    }
  },
  "sellers_mediavine_percentiles": {
    "a2cr": {
      "n": 15,
      "p25": 0.126765,
      "p50": 0.14133,
      "p75": 0.18366
    },
    "total_supply_paths": {
      "n": 20,
      "p25": 76.0,
      "p50": 77.0,
      "p75": 77.0
    },
    "avg_page_weight": {
      "n": 20,
      "p25": 3.2499249999999997,
      "p50": 5.82245,
      "p75": 12.905175
    }
  },
  "sellers_playwire_percentiles": {
    "a2cr": {
      "n": 0
    },
    "total_supply_paths": {
      "n": 1,
      "p25": 109.0,
      "p50": 109.0,
      "p75": 109.0
    },
    "avg_page_weight": {
      "n": 1,
      "p25": 14.6203,
      "p50": 14.6203,
      "p75": 14.6203
    }
  },
  "sellers_shemedia_percentiles": {
    "a2cr": {
      "n": 11,
      "p25": 0.047670000000000004,
      "p50": 0.05864,
      "p75": 0.15348
    },
    "total_supply_paths": {
      "n": 13,
      "p25": 251.0,
      "p50": 251.0,
      "p75": 253.0
    },
    "avg_page_weight": {
      "n": 13,
      "p25": 10.6224,
      "p50": 18.662,
      "p75": 24.4885
    }
  }
}