{
  "sellers_aditude_percentiles": {
    "n": 65,
    "p25": 0.10736,
    "p50": 0.16515,
    "p75": 0.20567
  },
  "sellers_cafemedia_percentiles": {
    "n": 96,
    "p25": 0.16509,
    "p50": 0.20162999999999998,
    "p75": 0.2692025
  },
  "sellers_freestar_percentiles": {
    "n": 60,
    "p25": 0.11691,
    "p50": 0.17150500000000002,
    "p75": 0.219595
  },
  "sellers_mediavine_percentiles": {
    "n": 80,
    "p25": 0.1329825,
    "p50": 0.158655,
    "p75": 0.190565
  },
  "sellers_shemedia_percentiles": {
    "n": 59,
    "p25": 0.07603,
    "p50": 0.10171,
    "p75": 0.14365499999999998
  }
}