{
  "sellers_aditude_percentiles": {
    "p25": 0.1484,
    "p50": 0.18553,
    "p75": 0.23613
  },
  "sellers_cafemedia_percentiles": {
    "p25": 0.190125,
    "p50": 0.19327,
    "p75": 0.20075500000000002
  },
  "sellers_freestar_percentiles": {
    "p25": 0.20257999999999998,
    "p50": 0.23085,
    "p75": 0.282455
  },
  "sellers_mediavine_percentiles": {
    "p25": 0.131245,
    "p50": 0.14155,
    "p75": 0.151855
  },
  "sellers_shemedia_percentiles": {
    "p25": 0.10813,
    "p50": 0.10938,
    "p75": 0.158655
  }}
