{
  "sellers_shemedia_percentiles": {
    "a2cr": {
      "n": 59,
      "p25": 0.07603,
      "p50": 0.10171,
      "p75": 0.14365499999999998
    },
    "total_supply_paths": {
      "n": 68,
      "p25": 126.0,
      "p50": 245.0,
      "p75": 246.0
    },
    "avg_page_weight": {
      "n": 68,
      "p25": 6.525399999999999,
      "p50": 11.488199999999999,
      "p75": 19.706675
    }
  },
  "sellers_mediavine_percentiles": {
    "a2cr": {
      "n": 80,
      "p25": 0.1329825,
      "p50": 0.158655,
      "p75": 0.190565
    },
    "total_supply_paths": {
      "n": 93,
      "p25": 73.0,
      "p50": 73.0,
      "p75": 73.0
    },
    "avg_page_weight": {
      "n": 93,
      "p25": 3.1481,
      "p50": 7.0836,
      "p75": 10.5865
    }
  },
  "sellers_cafemedia_percentiles": {
    "a2cr": {
      "n": 96,
      "p25": 0.16509,
      "p50": 0.20162999999999998,
      "p75": 0.2692025
    },
    "total_supply_paths": {
      "n": 98,
      "p25": 84.0,
      "p50": 84.0,
      "p75": 84.75
    },
    "avg_page_weight": {
      "n": 98,
      "p25": 8.18525,
      "p50": 16.47565,
      "p75": 23.92005
    }
  },
  "sellers_aditude_percentiles": {
    "a2cr": {
      "n": 65,
      "p25": 0.10736,
      "p50": 0.16515,
      "p75": 0.20567
    },
    "total_supply_paths": {
      "n": 79,
      "p25": 328.5,
      "p50": 507.0,
      "p75": 708.5
    },
    "avg_page_weight": {
      "n": 79,
      "p25": 2.97865,
      "p50": 7.667,
      "p75": 14.0822
    }
  },
  "sellers_freestar_percentiles": {
    "a2cr": {
      "n": 60,
      "p25": 0.11691,
      "p50": 0.17150500000000002,
      "p75": 0.219595
    },
    "total_supply_paths": {
      "n": 83,
      "p25": 199.0,
      "p50": 282.0,
      "p75": 485.0
    },
    "avg_page_weight": {
      "n": 82,
      "p25": 3.9502750000000004,
      "p50": 10.02945,
      "p75": 19.905875
    }
  }
}