{
  "sellers_aditude_percentiles": {
    "a2cr": {
      "n": 12,
      "p25": 0.1696875,
      "p50": 0.187555,
      "p75": 0.2208025
    },
    "total_supply_paths": {
      "n": 15,
      "p25": 226.0,
      "p50": 434.0,
      "p75": 565.0
    },
    "avg_page_weight": {
      "n": 15,
      "p25": 5.4542,
      "p50": 8.962,
      "p75": 18.600900000000003
    }
  },
  "sellers_cafemedia_percentiles": {
    "a2cr": {
      "n": 14,
      "p25": 0.113815,
      "p50": 0.125985,
      "p75": 0.1934325
    },
    "total_supply_paths": {
      "n": 19,
      "p25": 84.0,
      "p50": 84.0,
      "p75": 84.0
    },
    "avg_page_weight": {
      "n": 19,
      "p25": 7.5557,
      "p50": 15.0888,
      "p75": 19.284950000000002
    }
  },
  "sellers_freestar_percentiles": {
    "a2cr": {
      "n": 10,
      "p25": 0.1907775,
      "p50": 0.21078,
      "p75": 0.27089
    },
    "total_supply_paths": {
      "n": 16,
      "p25": 76.25,
      "p50": 216.0,
      "p75": 272.0
    },
    "avg_page_weight": {
      "n": 16,
      "p25": 3.788925,
      "p50": 11.8698,
      "p75": 26.333199999999998
    }
  },
  "sellers_mediavine_percentiles": {
    "a2cr": {
      "n": 13,
      "p25": 0.1031,
      "p50": 0.11178,
      "p75": 0.12711
    },
    "total_supply_paths": {
      "n": 20,
      "p25": 66.75,
      "p50": 73.0,
      "p75": 73.0
    },
    "avg_page_weight": {
      "n": 20,
      "p25": 1.6629,
      "p50": 6.998099999999999,
      "p75": 11.14855
    }
  },
  "sellers_playwire_percentiles": {
    "a2cr": {
      "n": 4,
      "p25": 0.067195,
      "p50": 0.0843,
      "p75": 0.1075625
    },
    "total_supply_paths": {
      "n": 8,
      "p25": 88.25,
      "p50": 151.5,
      "p75": 377.5
    },
    "avg_page_weight": {
      "n": 8,
      "p25": 4.766775,
      "p50": 7.6716,
      "p75": 10.9637
    }
  },
  "sellers_shemedia_percentiles": {
    "a2cr": {
      "n": 9,
      "p25": 0.0591,
      "p50": 0.08181,
      "p75": 0.10292
    },
    "total_supply_paths": {
      "n": 16,
      "p25": 99.75,
      "p50": 244.0,
      "p75": 246.0
    },
    "avg_page_weight": {
      "n": 16,
      "p25": 5.83525,
      "p50": 9.418099999999999,
      "p75": 17.889775
    }
  }
}